{
  "map": {
    "136011": {
      "y_2010": 425,
      "y_2013": 346
    },
    "136012": {
      "y_2010": 158,
      "y_2013": 134
    },
    "136021": {
      "y_2010": 470,
      "y_2013": 564
    },
    "136022": {
      "y_2010": 289,
      "y_2013": 290
    },
    "136023": {
      "y_2010": 449,
      "y_2013": 375
    },
    "136024": {
      "y_2010": 414,
      "y_2013": 488
    },
    "137001": {
      "y_2010": 436,
      "y_2013": 631
    },
    "137002": {
      "y_2010": 313,
      "y_2013": 241
    },
    "137003": {
      "y_2010": 342,
      "y_2013": 281
    },
    "137004": {
      "y_2010": 278,
      "y_2013": 251
    },
    "137005": {
      "y_2010": 345,
      "y_2013": 290
    },
    "138001": {
      "y_2010": 305,
      "y_2013": 314
    },
    "138002": {
      "y_2010": 307,
      "y_2013": 292
    },
    "138003": {
      "y_2010": 249,
      "y_2013": 222
    },
    "138004": {
      "y_2010": 254,
      "y_2013": 255
    },
    "138005": {
      "y_2010": 658,
      "y_2013": 653
    },
    "139001": {
      "y_2010": 264,
      "y_2013": 265
    },
    "139002": {
      "y_2010": 482,
      "y_2013": 431
    },
    "139003": {
      "y_2010": 295,
      "y_2013": 274
    },
    "139004": {
      "y_2010": 619,
      "y_2013": 610
    },
    "140001": {
      "y_2010": 419,
      "y_2013": 359
    },
    "140002": {
      "y_2010": 753,
      "y_2013": 804
    },
    "142001": {
      "y_2010": 360,
      "y_2013": 298
    },
    "142002": {
      "y_2010": 283,
      "y_2013": 280
    },
    "142003": {
      "y_2010": 347,
      "y_2013": 347
    },
    "142004": {
      "y_2010": 240,
      "y_2013": 319
    },
    "143001": {
      "y_2010": 267,
      "y_2013": 166
    },
    "143002": {
      "y_2010": 261,
      "y_2013": 279
    },
    "143003": {
      "y_2010": 406,
      "y_2013": 387
    },
    "143004": {
      "y_2010": 270,
      "y_2013": 272
    },
    "145011": {
      "y_2010": 299,
      "y_2013": 320
    },
    "145012": {
      "y_2010": 206,
      "y_2013": 234
    }
  }
}