{
  "map": {
    "136011": {
      "y_2013": 0.53
    },
    "136012": {
      "y_2013": 0.57
    },
    "136021": {
      "y_2013": 0.64
    },
    "136022": {
      "y_2013": 0.48
    },
    "136023": {
      "y_2013": 0.5
    },
    "136024": {
      "y_2013": 0.52
    },
    "137001": {
      "y_2013": 0.12
    },
    "137002": {
      "y_2013": 0.23
    },
    "137003": {
      "y_2013": 0.28
    },
    "137004": {
      "y_2013": 0.04
    },
    "137005": {
      "y_2013": 0.11
    },
    "138001": {
      "y_2013": 0.88
    },
    "138002": {
      "y_2013": 0.9
    },
    "138003": {
      "y_2013": 1
    },
    "138004": {
      "y_2013": 0.21
    },
    "138005": {
      "y_2013": 0.7
    },
    "139001": {
      "y_2013": 0.54
    },
    "139002": {
      "y_2013": 0.77
    },
    "139003": {
      "y_2013": 0.28
    },
    "139004": {
      "y_2013": 0.7
    },
    "140001": {
      "y_2013": 0.49
    },
    "140002": {
      "y_2013": 0.4
    },
    "142001": {
      "y_2013": 0.78
    },
    "142002": {
      "y_2013": 0.4
    },
    "142003": {
      "y_2013": 0.81
    },
    "142004": {
      "y_2013": 0.61
    },
    "143001": {
      "y_2013": 0.6
    },
    "143002": {
      "y_2013": 0.36
    },
    "143003": {
      "y_2013": 0.59
    },
    "143004": {
      "y_2013": 0.53
    },
    "145011": {
      "y_2013": 0.37
    },
    "145012": {
      "y_2013": 0.34
    }
  }
}