{
  "map": {
    "136011": {
      "y_2013": 0.08
    },
    "136012": {
      "y_2013": 0.08
    },
    "136021": {
      "y_2013": 0.12
    },
    "136022": {
      "y_2013": 0.12
    },
    "136023": {
      "y_2013": 0.12
    },
    "136024": {
      "y_2013": 0.12
    },
    "137001": {
      "y_2013": 0.04
    },
    "137002": {
      "y_2013": 0.04
    },
    "137003": {
      "y_2013": 0.04
    },
    "137004": {
      "y_2013": 0.04
    },
    "137005": {
      "y_2013": 0.04
    },
    "138001": {
      "y_2013": 0.12
    },
    "138002": {
      "y_2013": 0.12
    },
    "138003": {
      "y_2013": 0.12
    },
    "138004": {
      "y_2013": 0.12
    },
    "138005": {
      "y_2013": 0.12
    },
    "139001": {
      "y_2013": 0.12
    },
    "139002": {
      "y_2013": 0.12
    },
    "139003": {
      "y_2013": 0.12
    },
    "139004": {
      "y_2013": 0.12
    },
    "140001": {
      "y_2013": 0.18
    },
    "140002": {
      "y_2013": 0.18
    },
    "142001": {
      "y_2013": 0.13
    },
    "142002": {
      "y_2013": 0.13
    },
    "142003": {
      "y_2013": 0.13
    },
    "142004": {
      "y_2013": 0.13
    },
    "143001": {
      "y_2013": 0.18
    },
    "143002": {
      "y_2013": 0.18
    },
    "143003": {
      "y_2013": 0.18
    },
    "143004": {
      "y_2013": 0.18
    },
    "145011": {
      "y_2013": 0.16
    },
    "145012": {
      "y_2013": 0.16
    }
  }
}