{
  "map": {
    "136011": {
      "y_2000": 0.69
    },
    "136012": {
      "y_2000": 1.01
    },
    "136021": {
      "y_2000": 6.18
    },
    "136022": {
      "y_2000": 3.86
    },
    "136023": {
      "y_2000": 1.36
    },
    "136024": {
      "y_2000": 1.62
    },
    "137001": {
      "y_2000": 1.99
    },
    "137002": {
      "y_2000": 2.16
    },
    "137003": {
      "y_2000": 5.41
    },
    "137004": {
      "y_2000": 0.49
    },
    "137005": {
      "y_2000": 5.87
    },
    "138001": {
      "y_2000": 1.88
    },
    "138002": {
      "y_2000": 6.55
    },
    "138003": {
      "y_2000": 1.39
    },
    "138004": {
      "y_2000": 8.7
    },
    "138005": {
      "y_2000": 7.68
    },
    "139001": {
      "y_2000": 10.53
    },
    "139002": {
      "y_2000": 6.33
    },
    "139003": {
      "y_2000": 3.77
    },
    "139004": {
      "y_2000": 5.56
    },
    "140001": {
      "y_2000": 9.59
    },
    "140002": {
      "y_2000": 1.64
    },
    "142001": {
      "y_2000": 4.93
    },
    "142002": {
      "y_2000": 8.25
    },
    "142003": {
      "y_2000": 3.98
    },
    "142004": {
      "y_2000": 6.11
    },
    "143001": {
      "y_2000": 2.94
    },
    "143002": {
      "y_2000": 9.58
    },
    "143003": {
      "y_2000": 3.11
    },
    "143004": {
      "y_2000": 10.19
    },
    "145011": {
      "y_2000": 4.53
    },
    "145012": {
      "y_2000": 1.3
    }
  }
}