{
  "map": {
    "136011": {
      "y_2000": 59900,
      "y_2013": 78600
    },
    "136012": {
      "y_2000": 76700,
      "y_2013": 107100
    },
    "136021": {
      "y_2000": 64000,
      "y_2013": 77600
    },
    "136022": {
      "y_2000": 83200,
      "y_2013": 130300
    },
    "136023": {
      "y_2000": 81800,
      "y_2013": 89200
    },
    "136024": {
      "y_2000": 67300,
      "y_2013": 86800
    },
    "137001": {
      "y_2000": 91700,
      "y_2013": 240400
    },
    "137002": {
      "y_2000": 116200,
      "y_2013": 124500
    },
    "137003": {
      "y_2000": 169100,
      "y_2013": 150500
    },
    "137004": {
      "y_2000": 87800,
      "y_2013": 251800
    },
    "137005": {
      "y_2000": 156700,
      "y_2013": 141400
    },
    "138001": {
      "y_2000": 65900,
      "y_2013": 74300
    },
    "138002": {
      "y_2000": 56800,
      "y_2013": 73200
    },
    "138003": {
      "y_2000": 46400,
      "y_2013": 73600
    },
    "138004": {
      "y_2000": 57800,
      "y_2013": 0
    },
    "138005": {
      "y_2000": 54500,
      "y_2013": 86700
    },
    "139001": {
      "y_2000": 55700,
      "y_2013": 0
    },
    "139002": {
      "y_2000": 40000,
      "y_2013": 66800
    },
    "139003": {
      "y_2000": 31600,
      "y_2013": 65000
    },
    "139004": {
      "y_2000": 54500,
      "y_2013": 59400
    },
    "140001": {
      "y_2000": 78700,
      "y_2013": 64000
    },
    "140002": {
      "y_2000": 57700,
      "y_2013": 71300
    },
    "142001": {
      "y_2000": 49300,
      "y_2013": 72000
    },
    "142002": {
      "y_2000": 46400,
      "y_2013": 57600
    },
    "142003": {
      "y_2000": 44300,
      "y_2013": 78500
    },
    "142004": {
      "y_2000": 10000,
      "y_2013": 0
    },
    "143001": {
      "y_2000": 43600,
      "y_2013": 55400
    },
    "143002": {
      "y_2000": 58900,
      "y_2013": 0
    },
    "143003": {
      "y_2000": 40500,
      "y_2013": 33900
    },
    "143004": {
      "y_2000": 44600,
      "y_2013": 92900
    },
    "145011": {
      "y_2000": 65000,
      "y_2013": 67500
    },
    "145012": {
      "y_2000": 56700,
      "y_2013": 75000
    }
  }
}