{
  "map": {
    "136011": {
      "y_2013": 18
    },
    "136012": {
      "y_2013": 10
    },
    "136021": {
      "y_2013": 10
    },
    "136022": {
      "y_2013": 17
    },
    "136023": {
      "y_2013": 14
    },
    "136024": {
      "y_2013": 23
    },
    "137001": {
      "y_2013": 16
    },
    "137002": {
      "y_2013": 10
    },
    "137003": {
      "y_2013": 13
    },
    "137004": {
      "y_2013": 15
    },
    "137005": {
      "y_2013": 10
    },
    "138001": {
      "y_2013": 19
    },
    "138002": {
      "y_2013": 12
    },
    "138003": {
      "y_2013": 32
    },
    "138004": {
      "y_2013": null
    },
    "138005": {
      "y_2013": 35
    },
    "139001": {
      "y_2013": null
    },
    "139002": {
      "y_2013": 32
    },
    "139003": {
      "y_2013": 23
    },
    "139004": {
      "y_2013": 25
    },
    "140001": {
      "y_2013": 9
    },
    "140002": {
      "y_2013": 13
    },
    "142001": {
      "y_2013": 17
    },
    "142002": {
      "y_2013": 27
    },
    "142003": {
      "y_2013": 11
    },
    "142004": {
      "y_2013": null
    },
    "143001": {
      "y_2013": null
    },
    "143002": {
      "y_2013": 0
    },
    "143003": {
      "y_2013": 11
    },
    "143004": {
      "y_2013": 18
    },
    "145011": {
      "y_2013": 42
    },
    "145012": {
      "y_2013": 25
    }
  }
}