{
  "map": {
    "136011": {
      "y_2013": 0.38
    },
    "136012": {
      "y_2013": 0.22
    },
    "136021": {
      "y_2013": 0.36
    },
    "136022": {
      "y_2013": 0.26
    },
    "136023": {
      "y_2013": 0.27
    },
    "136024": {
      "y_2013": 0.37
    },
    "137001": {
      "y_2013": 0.06
    },
    "137002": {
      "y_2013": 0.04
    },
    "137003": {
      "y_2013": 0.36
    },
    "137004": {
      "y_2013": 0.09
    },
    "137005": {
      "y_2013": 0.26
    },
    "138001": {
      "y_2013": 0.23
    },
    "138002": {
      "y_2013": 0.5
    },
    "138003": {
      "y_2013": 0.54
    },
    "138004": {
      "y_2013": 0.15
    },
    "138005": {
      "y_2013": 0.31
    },
    "139001": {
      "y_2013": 0.36
    },
    "139002": {
      "y_2013": 0.29
    },
    "139003": {
      "y_2013": 0.55
    },
    "139004": {
      "y_2013": 0.23
    },
    "140001": {
      "y_2013": 0.29
    },
    "140002": {
      "y_2013": 0.31
    },
    "142001": {
      "y_2013": 0.36
    },
    "142002": {
      "y_2013": 0.39
    },
    "142003": {
      "y_2013": 0.48
    },
    "142004": {
      "y_2013": 0.4
    },
    "143001": {
      "y_2013": 0.25
    },
    "143002": {
      "y_2013": 0.23
    },
    "143003": {
      "y_2013": 0.15
    },
    "143004": {
      "y_2013": 0.6
    },
    "145011": {
      "y_2013": 0.5
    },
    "145012": {
      "y_2013": 0.33
    }
  }
}