{
  "map": {
    "136011": {
      "y_2010": 51,
      "y_2013": 65
    },
    "136012": {
      "y_2010": 62,
      "y_2013": 11
    },
    "136021": {
      "y_2010": 197,
      "y_2013": 119
    },
    "136022": {
      "y_2010": 42,
      "y_2013": 0
    },
    "136023": {
      "y_2010": 67,
      "y_2013": 53
    },
    "136024": {
      "y_2010": 73,
      "y_2013": 22
    },
    "137001": {
      "y_2010": 78,
      "y_2013": 93
    },
    "137002": {
      "y_2010": 50,
      "y_2013": 74
    },
    "137003": {
      "y_2010": 34,
      "y_2013": 29
    },
    "137004": {
      "y_2010": 29,
      "y_2013": 27
    },
    "137005": {
      "y_2010": 44,
      "y_2013": 6
    },
    "138001": {
      "y_2010": 77,
      "y_2013": 47
    },
    "138002": {
      "y_2010": 81,
      "y_2013": 60
    },
    "138003": {
      "y_2010": 43,
      "y_2013": 47
    },
    "138004": {
      "y_2010": 31,
      "y_2013": 39
    },
    "138005": {
      "y_2010": 185,
      "y_2013": 181
    },
    "139001": {
      "y_2010": 27,
      "y_2013": 73
    },
    "139002": {
      "y_2010": 85,
      "y_2013": 72
    },
    "139003": {
      "y_2010": 104,
      "y_2013": 88
    },
    "139004": {
      "y_2010": 138,
      "y_2013": 206
    },
    "140001": {
      "y_2010": 148,
      "y_2013": 120
    },
    "140002": {
      "y_2010": 117,
      "y_2013": 160
    },
    "142001": {
      "y_2010": 72,
      "y_2013": 139
    },
    "142002": {
      "y_2010": 65,
      "y_2013": 21
    },
    "142003": {
      "y_2010": 90,
      "y_2013": 148
    },
    "142004": {
      "y_2010": 82,
      "y_2013": 22
    },
    "143001": {
      "y_2010": 59,
      "y_2013": 158
    },
    "143002": {
      "y_2010": 66,
      "y_2013": 31
    },
    "143003": {
      "y_2010": 79,
      "y_2013": 149
    },
    "143004": {
      "y_2010": 48,
      "y_2013": 48
    },
    "145011": {
      "y_2010": 57,
      "y_2013": 42
    },
    "145012": {
      "y_2010": 33,
      "y_2013": 19
    }
  }
}