{
  "map": {
    "136011": {
      "y_2013": 0.28
    },
    "136012": {
      "y_2013": 0.22
    },
    "136021": {
      "y_2013": 0.29
    },
    "136022": {
      "y_2013": 0.16
    },
    "136023": {
      "y_2013": 0.22
    },
    "136024": {
      "y_2013": 0.19
    },
    "137001": {
      "y_2013": 0.01
    },
    "137002": {
      "y_2013": 0.11
    },
    "137003": {
      "y_2013": 0.11
    },
    "137004": {
      "y_2013": 0.01
    },
    "137005": {
      "y_2013": 0.16
    },
    "138001": {
      "y_2013": 0.31
    },
    "138002": {
      "y_2013": 0.29
    },
    "138003": {
      "y_2013": 0.28
    },
    "138004": {
      "y_2013": 0.38
    },
    "138005": {
      "y_2013": 0.4
    },
    "139001": {
      "y_2013": 0.31
    },
    "139002": {
      "y_2013": 0.4
    },
    "139003": {
      "y_2013": 0.25
    },
    "139004": {
      "y_2013": 0.41
    },
    "140001": {
      "y_2013": 0.45
    },
    "140002": {
      "y_2013": 0.29
    },
    "142001": {
      "y_2013": 0.37
    },
    "142002": {
      "y_2013": 0.23
    },
    "142003": {
      "y_2013": 0.35
    },
    "142004": {
      "y_2013": 0.16
    },
    "143001": {
      "y_2013": 0.63
    },
    "143002": {
      "y_2013": 0.46
    },
    "143003": {
      "y_2013": 0.58
    },
    "143004": {
      "y_2013": 0.28
    },
    "145011": {
      "y_2013": 0.22
    },
    "145012": {
      "y_2013": 0.49
    }
  }
}