{
  "map": {
    "136011": {
      "y_2000": 1667,
      "y_2010": 1777,
      "y_2013": 1752
    },
    "136012": {
      "y_2000": 873,
      "y_2010": 1315,
      "y_2013": 889
    },
    "136021": {
      "y_2000": 1507,
      "y_2010": 1152,
      "y_2013": 1570
    },
    "136022": {
      "y_2000": 836,
      "y_2010": 758,
      "y_2013": 751
    },
    "136023": {
      "y_2000": 1201,
      "y_2010": 1159,
      "y_2013": 957
    },
    "136024": {
      "y_2000": 1077,
      "y_2010": 1069,
      "y_2013": 1171
    },
    "137001": {
      "y_2000": 864,
      "y_2010": 1016,
      "y_2013": 1404
    },
    "137002": {
      "y_2000": 744,
      "y_2010": 725,
      "y_2013": 509
    },
    "137003": {
      "y_2000": 1167,
      "y_2010": 835,
      "y_2013": 758
    },
    "137004": {
      "y_2000": 542,
      "y_2010": 650,
      "y_2013": 615
    },
    "137005": {
      "y_2000": 1060,
      "y_2010": 915,
      "y_2013": 732
    },
    "138001": {
      "y_2000": 754,
      "y_2010": 959,
      "y_2013": 904
    },
    "138002": {
      "y_2000": 844,
      "y_2010": 728,
      "y_2013": 702
    },
    "138003": {
      "y_2000": 648,
      "y_2010": 620,
      "y_2013": 431
    },
    "138004": {
      "y_2000": 1664,
      "y_2010": 616,
      "y_2013": 621
    },
    "138005": {
      "y_2000": 0,
      "y_2010": 1762,
      "y_2013": 1498
    },
    "139001": {
      "y_2000": 1894,
      "y_2010": 644,
      "y_2013": 674
    },
    "139002": {
      "y_2000": 847,
      "y_2010": 1289,
      "y_2013": 1185
    },
    "139003": {
      "y_2000": 1007,
      "y_2010": 791,
      "y_2013": 823
    },
    "139004": {
      "y_2000": 834,
      "y_2010": 1785,
      "y_2013": 2050
    },
    "140001": {
      "y_2000": 1263,
      "y_2010": 1093,
      "y_2013": 1064
    },
    "140002": {
      "y_2000": 1632,
      "y_2010": 1986,
      "y_2013": 2199
    },
    "142001": {
      "y_2000": 637,
      "y_2010": 1011,
      "y_2013": 812
    },
    "142002": {
      "y_2000": 887,
      "y_2010": 769,
      "y_2013": 752
    },
    "142003": {
      "y_2000": 1051,
      "y_2010": 1002,
      "y_2013": 1131
    },
    "142004": {
      "y_2000": 554,
      "y_2010": 721,
      "y_2013": 965
    },
    "143001": {
      "y_2000": 1012,
      "y_2010": 723,
      "y_2013": 443
    },
    "143002": {
      "y_2000": 726,
      "y_2010": 755,
      "y_2013": 783
    },
    "143003": {
      "y_2000": 873,
      "y_2010": 870,
      "y_2013": 805
    },
    "143004": {
      "y_2000": 748,
      "y_2010": 697,
      "y_2013": 520
    },
    "145011": {
      "y_2000": 759,
      "y_2010": 683,
      "y_2013": 684
    },
    "145012": {
      "y_2000": 617,
      "y_2010": 617,
      "y_2013": 694
    }
  }
}