{
  "map": {
    "136011": {
      "y_2010": 110,
      "y_2013": -25
    },
    "136012": {
      "y_2010": 442,
      "y_2013": -426
    },
    "136021": {
      "y_2010": -355,
      "y_2013": 418
    },
    "136022": {
      "y_2010": -78,
      "y_2013": -7
    },
    "136023": {
      "y_2010": -42,
      "y_2013": -202
    },
    "136024": {
      "y_2010": -8,
      "y_2013": 102
    },
    "137001": {
      "y_2010": 152,
      "y_2013": 388
    },
    "137002": {
      "y_2010": -19,
      "y_2013": -216
    },
    "137003": {
      "y_2010": -332,
      "y_2013": -77
    },
    "137004": {
      "y_2010": 108,
      "y_2013": -35
    },
    "137005": {
      "y_2010": -145,
      "y_2013": -183
    },
    "138001": {
      "y_2010": 205,
      "y_2013": -55
    },
    "138002": {
      "y_2010": -116,
      "y_2013": -26
    },
    "138003": {
      "y_2010": -28,
      "y_2013": -189
    },
    "138004": {
      "y_2010": -1048,
      "y_2013": 5
    },
    "138005": {
      "y_2010": 0,
      "y_2013": -264
    },
    "139001": {
      "y_2010": -1250,
      "y_2013": 30
    },
    "139002": {
      "y_2010": 442,
      "y_2013": -104,
      "field4": null
    },
    "139003": {
      "y_2010": -216,
      "y_2013": 32
    },
    "139004": {
      "y_2010": 951,
      "y_2013": 265
    },
    "140001": {
      "y_2010": -170,
      "y_2013": -29
    },
    "140002": {
      "y_2010": 354,
      "y_2013": 213
    },
    "142001": {
      "y_2010": 374,
      "y_2013": -199
    },
    "142002": {
      "y_2010": -118,
      "y_2013": -17
    },
    "142003": {
      "y_2010": -49,
      "y_2013": 129
    },
    "142004": {
      "y_2010": 167,
      "y_2013": 244
    },
    "143001": {
      "y_2010": -289,
      "y_2013": -280
    },
    "143002": {
      "y_2010": 29,
      "y_2013": 28
    },
    "143003": {
      "y_2010": -3,
      "y_2013": -65
    },
    "143004": {
      "y_2010": -51,
      "y_2013": -177
    },
    "145011": {
      "y_2010": -76,
      "y_2013": 1
    },
    "145012": {
      "y_2010": 0,
      "y_2013": 77
    }
  }
}