{
  "map": {
    "136011": {
      "y_2010": 0.07,
      "y_2013": -0.01
    },
    "136012": {
      "y_2010": 0.51,
      "y_2013": -0.32
    },
    "136021": {
      "y_2010": -0.24,
      "y_2013": 0.36
    },
    "136022": {
      "y_2010": -0.09,
      "y_2013": -0.01
    },
    "136023": {
      "y_2010": -0.03,
      "y_2013": -0.17
    },
    "136024": {
      "y_2010": -0.01,
      "y_2013": 0.1
    },
    "137001": {
      "y_2010": 0.18,
      "y_2013": 0.38
    },
    "137002": {
      "y_2010": -0.03,
      "y_2013": -0.3
    },
    "137003": {
      "y_2010": -0.28,
      "y_2013": -0.09
    },
    "137004": {
      "y_2010": 0.2,
      "y_2013": -0.05
    },
    "137005": {
      "y_2010": -0.14,
      "y_2013": -0.2
    },
    "138001": {
      "y_2010": 0.27,
      "y_2013": -0.06
    },
    "138002": {
      "y_2010": -0.14,
      "y_2013": -0.04
    },
    "138003": {
      "y_2010": -0.04,
      "y_2013": -0.3
    },
    "138004": {
      "y_2010": -0.63,
      "y_2013": 0.01
    },
    "138005": {
      "y_2010": 0,
      "y_2013": -0.15
    },
    "139001": {
      "y_2010": -0.66,
      "y_2013": 0.05
    },
    "139002": {
      "y_2010": 0.52,
      "y_2013": -0.08
    },
    "139003": {
      "y_2010": -0.21,
      "y_2013": 0.04
    },
    "139004": {
      "y_2010": 1.14,
      "y_2013": 0.15
    },
    "140001": {
      "y_2010": -0.13,
      "y_2013": -0.03
    },
    "140002": {
      "y_2010": 0.22,
      "y_2013": 0.11
    },
    "142001": {
      "y_2010": 0.59,
      "y_2013": -0.2
    },
    "142002": {
      "y_2010": -0.13,
      "y_2013": -0.02
    },
    "142003": {
      "y_2010": -0.05,
      "y_2013": 0.13
    },
    "142004": {
      "y_2010": 0.3,
      "y_2013": 0.34
    },
    "143001": {
      "y_2010": -0.29,
      "y_2013": -0.39
    },
    "143002": {
      "y_2010": 0.04,
      "y_2013": 0.04
    },
    "143003": {
      "y_2010": 0,
      "y_2013": -0.07
    },
    "143004": {
      "y_2010": -0.07,
      "y_2013": -0.25
    },
    "145011": {
      "y_2010": -0.1,
      "y_2013": 0
    },
    "145012": {
      "y_2010": 0,
      "y_2013": 0.12
    }
  }
}