{
  "map": {
    "136011": {
      "y_2013": 0.18
    },
    "136012": {
      "y_2013": 0.07
    },
    "136021": {
      "y_2013": 0.27
    },
    "136022": {
      "y_2013": 0.31
    },
    "136023": {
      "y_2013": 0.23
    },
    "136024": {
      "y_2013": 0.27
    },
    "137001": {
      "y_2013": 0.22
    },
    "137002": {
      "y_2013": 0.25
    },
    "137003": {
      "y_2013": 0.24
    },
    "137004": {
      "y_2013": 0.13
    },
    "137005": {
      "y_2013": 0.06
    },
    "138001": {
      "y_2013": 0.4
    },
    "138002": {
      "y_2013": 0.19
    },
    "138003": {
      "y_2013": 0.08
    },
    "138004": {
      "y_2013": 0.4
    },
    "138005": {
      "y_2013": 0.12
    },
    "139001": {
      "y_2013": 0.37
    },
    "139002": {
      "y_2013": 0.22
    },
    "139003": {
      "y_2013": 0.14
    },
    "139004": {
      "y_2013": 0.47
    },
    "140001": {
      "y_2013": 0.27
    },
    "140002": {
      "y_2013": 0.24
    },
    "142001": {
      "y_2013": 0.2
    },
    "142002": {
      "y_2013": 0.25
    },
    "142003": {
      "y_2013": 0.36
    },
    "142004": {
      "y_2013": 0.31
    },
    "143001": {
      "y_2013": 0.37
    },
    "143002": {
      "y_2013": 0.51
    },
    "143003": {
      "y_2013": 0.21
    },
    "143004": {
      "y_2013": 0.05
    },
    "145011": {
      "y_2013": 0.15
    },
    "145012": {
      "y_2013": 0.34
    }
  }
}