{
  "map": {
    "136011": {
      "y_2013": 31635
    },
    "136012": {
      "y_2013": 30750
    },
    "136021": {
      "y_2013": 29792
    },
    "136022": {
      "y_2013": 39728
    },
    "136023": {
      "y_2013": 49306
    },
    "136024": {
      "y_2013": 46860
    },
    "137001": {
      "y_2013": 46875
    },
    "137002": {
      "y_2013": 60250
    },
    "137003": {
      "y_2013": 60406
    },
    "137004": {
      "y_2013": 108750
    },
    "137005": {
      "y_2013": 51667
    },
    "138001": {
      "y_2013": 16284
    },
    "138002": {
      "y_2013": 21071
    },
    "138003": {
      "y_2013": 26346
    },
    "138004": {
      "y_2013": 14647
    },
    "138005": {
      "y_2013": 15273
    },
    "139001": {
      "y_2013": 9307
    },
    "139002": {
      "y_2013": 9330
    },
    "139003": {
      "y_2013": 22500
    },
    "139004": {
      "y_2013": 15433
    },
    "140001": {
      "y_2013": 21691
    },
    "140002": {
      "y_2013": 27206
    },
    "142001": {
      "y_2013": 23500
    },
    "142002": {
      "y_2013": 27125
    },
    "142003": {
      "y_2013": 22306
    },
    "142004": {
      "y_2013": 22315
    },
    "143001": {
      "y_2013": 15806
    },
    "143002": {
      "y_2013": 9006
    },
    "143003": {
      "y_2013": 13841
    },
    "143004": {
      "y_2013": 18354
    },
    "145011": {
      "y_2013": 18750
    },
    "145012": {
      "y_2013": 26518
    }
  }
}