{
  "map": {
    "136011": {
      "y_2013": 0.07
    },
    "136012": {
      "y_2013": 0.06
    },
    "136021": {
      "y_2013": 0.17
    },
    "136022": {
      "y_2013": 0.14
    },
    "136023": {
      "y_2013": 0.12
    },
    "136024": {
      "y_2013": 0.11
    },
    "137001": {
      "y_2013": 0.11
    },
    "137002": {
      "y_2013": 0.26
    },
    "137003": {
      "y_2013": 0.18
    },
    "137004": {
      "y_2013": 0.21
    },
    "137005": {
      "y_2013": 0.45
    },
    "138001": {
      "y_2013": 0.15
    },
    "138002": {
      "y_2013": 0.11
    },
    "138003": {
      "y_2013": 0.32
    },
    "138004": {
      "y_2013": 0.02
    },
    "138005": {
      "y_2013": 0.2
    },
    "139001": {
      "y_2013": 0.09
    },
    "139002": {
      "y_2013": 0.08
    },
    "139003": {
      "y_2013": 0.1
    },
    "139004": {
      "y_2013": 0.07
    },
    "140001": {
      "y_2013": 0.07
    },
    "140002": {
      "y_2013": 0.23
    },
    "142001": {
      "y_2013": 0.16
    },
    "142002": {
      "y_2013": 0.08
    },
    "142003": {
      "y_2013": 0.08
    },
    "142004": {
      "y_2013": 0.03
    },
    "143001": {
      "y_2013": 0.05
    },
    "143002": {
      "y_2013": 0.01
    },
    "143003": {
      "y_2013": 0.12
    },
    "143004": {
      "y_2013": 0.12
    },
    "145011": {
      "y_2013": 0.27
    },
    "145012": {
      "y_2013": 0.09
    }
  }
}