{
  "map": {
    "136011": {
      "y_2013": 0.32
    },
    "136012": {
      "y_2013": 0.5
    },
    "136021": {
      "y_2013": 0.33
    },
    "136022": {
      "y_2013": 0.18
    },
    "136023": {
      "y_2013": 0.19
    },
    "136024": {
      "y_2013": 0.25
    },
    "137001": {
      "y_2013": 0.1
    },
    "137002": {
      "y_2013": 0.15
    },
    "137003": {
      "y_2013": 0.13
    },
    "137004": {
      "y_2013": 0
    },
    "137005": {
      "y_2013": 0.11
    },
    "138001": {
      "y_2013": 0.54
    },
    "138002": {
      "y_2013": 0.37
    },
    "138003": {
      "y_2013": 0.29
    },
    "138004": {
      "y_2013": 0.62
    },
    "138005": {
      "y_2013": 0.39
    },
    "139001": {
      "y_2013": 0.85
    },
    "139002": {
      "y_2013": 0.73
    },
    "139003": {
      "y_2013": 0.33
    },
    "139004": {
      "y_2013": 0.72
    },
    "140001": {
      "y_2013": 0.5
    },
    "140002": {
      "y_2013": 0.37
    },
    "142001": {
      "y_2013": 0.32
    },
    "142002": {
      "y_2013": 0.3
    },
    "142003": {
      "y_2013": 0.57
    },
    "142004": {
      "y_2013": 0.44
    },
    "143001": {
      "y_2013": 0.7
    },
    "143002": {
      "y_2013": 0.87
    },
    "143003": {
      "y_2013": 0.56
    },
    "143004": {
      "y_2013": 0.16
    },
    "145011": {
      "y_2013": 0.22
    },
    "145012": {
      "y_2013": 0.28
    }
  }
}